{
    "1": {
        "solar": 0.3571447180688609,
        "wind": 0.2714867345277418,
        "nuclear": 0.25516510294795286,
        "battery": 9.854758812644746e-06,
        "gas": 0.6296096763433532,
        "coal": 0.0024549021653840412,
        "score": 81.20469197612621
    },
    "2": {
        "solar": 9.588323476527586e-11,
        "wind": 0.5264832636214065,
        "nuclear": 0.26047436596013235,
        "battery": 0.02423711865709292,
        "gas": 0.6595194730978625,
        "coal": 0.0,
        "score": 82.18983222931023
    },
    "3": {
        "solar": 2.6704324845721364e-06,
        "wind": 0.41119534403866914,
        "nuclear": 0.5192134768482574,
        "battery": 0.06253612349776298,
        "gas": 0.39881884550965496,
        "coal": 5.786277251675802e-10,
        "score": 63.51657652009644
    },
    "4": {
        "solar": 1.8028259269663236e-12,
        "wind": 0.2610485099297333,
        "nuclear": 0.4645558098677814,
        "battery": 7.529920559607833e-22,
        "gas": 0.505621488000929,
        "coal": 1.6851093119733145e-10,
        "score": 72.92945131904051
    },
    "5": {
        "solar": 1.1667194669362757,
        "wind": 0.5640327173726255,
        "nuclear": 0.4189024400783309,
        "battery": 0.02110049869326659,
        "gas": 0.3792876278077758,
        "coal": 1.0489131939570628e-10,
        "score": 75.30064939703357
    },
    "6": {
        "solar": 0.24829850268626671,
        "wind": 0.23683518994503475,
        "nuclear": 0.4091091460983833,
        "battery": 0.09953665349995834,
        "gas": 0.4505429674915055,
        "coal": 1.70007201671649e-22,
        "score": 73.53182566799958
    },
    "7": {
        "solar": 2.037679984743767,
        "wind": 1.1991332265318349,
        "nuclear": 0.40042094142320306,
        "battery": 0.04039757644783223,
        "gas": 0.39955705105988115,
        "coal": 0.052233459795132206,
        "score": 106.37647193703714
    },
    "8": {
        "solar": 8.438496025581921e-10,
        "wind": 0.7289052013931874,
        "nuclear": 0.48321229814477307,
        "battery": 0.0,
        "gas": 0.31101625858040627,
        "coal": 3.757923560679108e-11,
        "score": 66.55606785074507
    },
    "9": {
        "solar": 0.670255110000077,
        "wind": -3.962865354077009e-08,
        "nuclear": 0.53511344592906,
        "battery": 0.08729233837365251,
        "gas": 0.40121406139922833,
        "coal": 1.776521373096473e-05,
        "score": 64.63586810832473
    },
    "10": {
        "solar": 0.480750149422551,
        "wind": 0.755962562941852,
        "nuclear": 0.5227703078399313,
        "battery": 0.15124633200447696,
        "gas": 0.017669788121341984,
        "coal": 0.01597977746235036,
        "score": 64.25492339135711
    },
    "11": {
        "solar": 1.1302800563076267,
        "wind": 0.4239128520277279,
        "nuclear": 0.5154071944781525,
        "battery": 0.2749405182724752,
        "gas": 0.06346672731265549,
        "coal": 7.193042907800928e-09,
        "score": 62.441544833651996
    },
    "12": {
        "solar": 0.6288295097714265,
        "wind": 0.34783693121089826,
        "nuclear": 0.3226198073760346,
        "battery": 0.2776501690010123,
        "gas": 0.6172975421032204,
        "coal": 0.0007862267223517697,
        "score": 83.12042666805819
    },
    "13": {
        "solar": 1.358798383962347,
        "wind": 0.22020787711264425,
        "nuclear": 0.6704259313684165,
        "battery": 0.13954166755322686,
        "gas": -4.778437986467849e-21,
        "coal": -5.932505509328119e-21,
        "score": 53.650887017528355
    },
    "14": {
        "solar": 0.5436240930272056,
        "wind": 0.019026103473184612,
        "nuclear": 0.5374324132716214,
        "battery": 0.20060961914303538,
        "gas": 0.31737936092608515,
        "coal": 0.014622315818036392,
        "score": 62.82015876719475
    },
    "15": {
        "solar": 0.36958483068584924,
        "wind": 0.8552619514164906,
        "nuclear": 0.47807491815052633,
        "battery": 0.0722435510479323,
        "gas": 0.0813765338981741,
        "coal": 1.1917223953536902e-10,
        "score": 65.06528047037644
    },
    "16": {
        "solar": 1.318765634702148,
        "wind": 0.6982848380754012,
        "nuclear": 0.3958193081339746,
        "battery": 2.7522116247686917e-05,
        "gas": 0.20869362960430338,
        "coal": 0.12094836774087189,
        "score": 85.89091352578583
    },
    "17": {
        "solar": 0.9942447582849188,
        "wind": 0.36301401709621184,
        "nuclear": 0.4753093578987111,
        "battery": 0.1098764789404387,
        "gas": 0.19748377654118868,
        "coal": 0.0,
        "score": 61.10813693010501
    },
    "18": {
        "solar": 0.38323261055235264,
        "wind": 0.00015489474292714503,
        "nuclear": 0.641954157299008,
        "battery": 0.1793038787803528,
        "gas": 0.27159510686969796,
        "coal": 0.0,
        "score": 57.021698565199955
    },
    "19": {
        "solar": 0.490441907087655,
        "wind": 0.4511122856981949,
        "nuclear": 0.3883931153807257,
        "battery": 0.023400454103094777,
        "gas": 0.3439510957405855,
        "coal": 9.380696654981024e-10,
        "score": 69.53098322414982
    },
    "20": {
        "solar": 0.8736434347807827,
        "wind": 0.3116776962778131,
        "nuclear": 0.45154971838820274,
        "battery": 0.05741263522069997,
        "gas": 0.23560171157709214,
        "coal": 3.34737780564105e-21,
        "score": 60.15576022683399
    },
    "21": {
        "solar": 0.7276283054418845,
        "wind": 0.2515365105404295,
        "nuclear": 0.48454744684303136,
        "battery": 0.05934925959998923,
        "gas": 0.23005004303473936,
        "coal": 6.781378112924003e-09,
        "score": 56.6240348380617
    },
    "22": {
        "solar": 0.5549596955213351,
        "wind": 0.24924012103472973,
        "nuclear": 0.27806067219234715,
        "battery": 0.009087541053031728,
        "gas": 0.7005213771032547,
        "coal": 3.3633048338118215e-14,
        "score": 82.30406081775345
    },
    "23": {
        "solar": 1.5157457889650081,
        "wind": 0.37057710519923975,
        "nuclear": 0.5759766891172302,
        "battery": 0.1770520747884941,
        "gas": -1.5683344414005405e-21,
        "coal": -5.525566491854225e-21,
        "score": 60.46475786579868
    },
    "24": {
        "solar": 0.4204734084830668,
        "wind": 1.1607530738998628,
        "nuclear": 0.43217489283422694,
        "battery": 0.03744462493535083,
        "gas": 0.29468332798762253,
        "coal": 4.1213546984154003e-19,
        "score": 85.29644322999334
    },
    "25": {
        "solar": 0.9900967081111303,
        "wind": 0.1455528309731288,
        "nuclear": 0.5087841428473108,
        "battery": 0.06554930148284686,
        "gas": 0.2511566092209246,
        "coal": 0.00042165189006898574,
        "score": 58.960101628873694
    },
    "26": {
        "solar": 0.4731659441120946,
        "wind": 4.3071025721482474e-05,
        "nuclear": 0.5162310829153245,
        "battery": 0.10092846055033136,
        "gas": 0.3990193718215636,
        "coal": 8.006806485018684e-08,
        "score": 60.834306611948286
    },
    "27": {
        "solar": 1.7470100068002454,
        "wind": 0.9260650135820838,
        "nuclear": 0.5163598078823171,
        "battery": 0.11094381277100356,
        "gas": 2.5023984760452405e-07,
        "coal": 7.427976581506385e-13,
        "score": 76.62226509634482
    },
    "28": {
        "solar": 0.4529725322189681,
        "wind": 0.08854633419557226,
        "nuclear": 0.3860360530950833,
        "battery": 0.052341017221328175,
        "gas": 0.5923921911374873,
        "coal": 2.8705668198262433e-13,
        "score": 74.32736504022797
    },
    "29": {
        "solar": 0.6802530213981214,
        "wind": 0.30545985322732516,
        "nuclear": 0.46710612316863903,