{"1": {"solar": 0.9450522569011279, "wind": 0.6977487933471055, "nuclear": 0.29781621399735553, "gas": 0.5624413158885975, "coal": 1.2573719171652258e-23, "score": 69.52693194850553}, "2": {"solar": 1.4571766971289205e-13, "wind": 1.7818457000475494, "nuclear": 0.3490657398472252, "gas": 0.38478296238639415, "coal": 9.456421092722275e-21, "score": 64.24860850654171}, "3": {"solar": 5.597441393056751e-11, "wind": 0.6171466718227473, "nuclear": 0.4612589800473283, "gas": 0.45265238318601064, "coal": 1.3227462242418392e-10, "score": 55.758049659850116}, "4": {"solar": 2.758903818885972e-10, "wind": 0.6149986397725741, "nuclear": 0.46734975916779675, "gas": 0.4976316388318151, "coal": 9.167964624315374e-11, "score": 63.791242174799535}, "5": {"solar": 0.43484889071987426, "wind": 1.0305576678896602, "nuclear": 0.38899371410160355, "gas": 0.4044844894749922, "coal": 0.0, "score": 60.48482277811343}, "6": {"solar": 0.5450241870941075, "wind": 0.824486391436679, "nuclear": 0.3424173912050844, "gas": 0.4830071000459761, "coal": 0.0, "score": 66.22042246111855}, "7": {"solar": 0.0, "wind": 1.389771533512394, "nuclear": 0.3967526245149374, "gas": 0.4577944078733896, "coal": 1.7768392270608525e-10, "score": 67.1638129762085}, "8": {"solar": 0.00017287234421631923, "wind": 1.035069438519837, "nuclear": 0.49904796824921854, "gas": 0.26596400769018136, "coal": 8.55128808943665e-05, "score": 52.011054474065524}, "9": {"solar": 0.9727389367673882, "wind": 0.998577939947424, "nuclear": 0.2429740807399979, "gas": 0.9864332106476845, "coal": 0.00010829918373520995, "score": 88.50041269507385}, "10": {"solar": 0.604334540300777, "wind": 0.7301229041587787, "nuclear": 0.46562454097516864, "gas": 0.19235179201431551, "coal": 1.2672420558944187e-08, "score": 49.14485850192688}, "11": {"solar": 0.11109168974825548, "wind": 0.9645106168588881, "nuclear": 0.45002335142566396, "gas": 0.22788219697109707, "coal": 2.96473258944927e-11, "score": 48.325844490590036}, "12": {"solar": 0.20785532892748038, "wind": 0.840555205636767, "nuclear": 0.4040086612361039, "gas": 0.38550036513539687, "coal": 1.5266706813671735e-21, "score": 56.1910055482913}, "13": {"solar": 1.537887000507377, "wind": 0.8262118619955072, "nuclear": 0.5775291658431287, "gas": 0.11292965022581325, "coal": -2.7534594476742215e-22, "score": 52.23921340344029}, "14": {"solar": 1.6265599372776445, "wind": 0.5801423824926804, "nuclear": 0.30658764257909926, "gas": 0.6310219164253229, "coal": 0.00013267274797020172, "score": 73.83317777259933}, "15": {"solar": 0.313265404398531, "wind": 0.898688415888114, "nuclear": 0.46052215562221627, "gas": 0.13122184572192555, "coal": 4.584267935465605e-28, "score": 46.90436461682679}, "16": {"solar": 0.675719738348402, "wind": 0.6456672121967261, "nuclear": 0.3737744435905668, "gas": 0.38226200608407435, "coal": 5.735841659055826e-12, "score": 57.10040822919114}, "17": {"solar": 0.26026405700768135, "wind": 1.0683378934694572, "nuclear": 0.37620475397314124, "gas": 0.33515219729653345, "coal": 1.4728645205566839e-10, "score": 55.65282163691733}, "18": {"solar": 1.7260413700385258, "wind": 0.5979073011466275, "nuclear": 0.45143767490639464, "gas": 0.42061877355718785, "coal": 1.6579858242365564e-20, "score": 65.57767469504799}, "19": {"solar": 0.42585151623743683, "wind": 0.6513384433962468, "nuclear": 0.38300312880181553, "gas": 0.35935116168095516, "coal": 1.0151690269933106e-10, "score": 57.9785963160579}, "20": {"solar": 0.527899520161202, "wind": 0.717170815980769, "nuclear": 0.4528928352447228, "gas": 0.23178239565897193, "coal": 3.105518219364079e-15, "score": 51.06383776543278}, "21": {"solar": 0.502959320878388, "wind": 0.9441955972194251, "nuclear": 0.46450768472841236, "gas": 0.20073721868964378, "coal": 2.3343394617996793e-11, "score": 49.55056523338134}, "22": {"solar": 0.41392005377417246, "wind": 2.186114160795734, "nuclear": 0.288917712225903, "gas": 0.10807982869731014, "coal": 0.6051792324882793, "score": 135.0658567368743}, "23": {"solar": 0.018905495706552106, "wind": 18.229173364729114, "nuclear": 0.46593372841056413, "gas": 0.14465162049296618, "coal": 0.00019782040045898818, "score": 235.96036462668525}, "24": {"solar": 0.3869483601712687, "wind": 1.2918171125697056, "nuclear": 0.4079340013547056, "gas": 0.3053374764445058, "coal": 0.0, "score": 60.43442477409109}, "25": {"solar": 0.8084824250417965, "wind": 0.4025027445609503, "nuclear": 0.42659265949932657, "gas": 0.33710462957445225, "coal": 1.4915100844907366e-18, "score": 56.54314168976951}, "26": {"solar": 0.3868259743331555, "wind": 0.9153937341476445, "nuclear": 0.4752241457859854, "gas": 0.29826153771758773, "coal": 1.1102230135899262e-16, "score": 54.86326490316061}, "27": {"solar": 0.7957881857590196, "wind": 1.1989606058562885, "nuclear": 0.28002736894489894, "gas": 0.3327024622026208, "coal": -1.386876632419201e-21, "score": 60.821220254172566}, "28": {"solar": 1.1329619153034605, "wind": 3.892303681465883, "nuclear": 0.3809586723320387, "gas": 0.5399984855450132, "coal": 3.6503680339038204e-06, "score": 104.1132883476259}, "29": {"solar": 1.5575632480038184, "wind": 0.8242084005448025, "nuclear": 0.4793972040213388, "gas": 0.23963788886958118, "coal": -6.072463780422815e-21, "score": 58.586694677440335}, "30": {"solar": 0.4943142013179431, "wind": 3.0217715704249377, "nuclear": 0.46263293965893576, "gas": 0.2888483758644941, "coal": 7.909988970384197e-21, "score": 77.35085439937919}, "31": {"solar": 0.997081539101089, "wind": 0.5952434889935214, "nuclear": 0.3007883567244065, "gas": 0.5771918828752567, "coal": -7.531447636821071e-20, "score": 72.82770987827257}, "32": {"solar": 0.33728540720737216, "wind": 0.6875267792803144, "nuclear": 0.31768445549092206, "gas": 0.4860046465529264, "coal": 8.177437392209544e-05, "score": 59.7273204077833}, "33": {"solar": 1.8622023757145116, "wind": 5.221859354104154, "nuclear": 0.5635710481223238, "gas": 0.008988892144737587, "coal": 7.284993752564397e-17, "score": 96.62295962411622}, "34": {"solar": 0.6023989074101366, "wind": 0.6720172318130415, "nuclear": 0.40976184039569685, "gas": 0.3896333175338692, "coal": 0.0, "score": 63.119234200265446}, "35": {"solar": 0.6690549296429572, "wind": 0.6153886969905001, "nuclear": 0.34167339358016074, "gas": 0.4732952925134787, "coal": 1.784819913390475e-10, "score": 67.55786864023891}, "36": {"solar": 0.4516584294940993, "wind": 1.0303086852482874, "nuclear": 0.4113267730769724, "gas": 0.22397105063097095, "coal": 0.03899437388283986, "score": 59.46013139904667}, "37": {"solar": 0.35718035585349867, "wind": 1.243674322787193, "nuclear": 0.3969969589719393, "gas": 0.3204034081207344, "coal": 1.4489531915236408e-12, "score": 59.64881100735032}, "38": {"solar": 0.37817227920934543, "wind": 1.3561420113550107, "nuclear": 0.45445312077273564, "gas": 0.1813197824754404, "coal": 4.50750547431881e-16, "score": 52.68354920215306}, "39": {"solar": 0.8792135381099717, "wind": 0.5634880231379846, "nuclear": 0.45143264462158206, "gas": 0.37747635348493636, "coal": 2.473615837384712e-07, "score": 56.988669614554134}, "40": {"solar": 0.5308663100736326, "wind": 2.142336923477083, "nuclear": 0.45066650317224605, "gas": 0.1289529983326558, "coal": 0.0, "score": 59.28290980559189}, "41": {"solar": 0.2605022078652773, "wind": 0.8962401851602874, "nuclear": 0.3986442963754547, "gas": 0.41727425643643035, "coal": 4.035103233776257e-10, "score": 59.03617382122787}, "42": {"solar": 0.38847784198991775, "wind": 0.5755502103124817, "nuclear": 0.3435033251250187, "gas": 0.4885549131069739, "coal": 8.95510029444663e-08, "score": 64.20410378706423}, "43": {"solar": 0.008974401329881724, "wind": 0.6767431205597656, "nuclear": 0.34579071079537843, "gas": 0.5743279466175899, "coal": 3.191556790172297e-07, "score": 62.735230361791686}, "44": {"solar": 12407.311424844138, "wind": 17839.555054134882, "nuclear": 9.429399607447053e-05, "gas": 1.528792369566974, "coal": 0.1526558574153245, "score": 274109.15225002496},