{"1": {"solar": 0.7249756491871626, "wind": 0.8762490347812525, "nuclear": 0.38138758045624455, "gas": 0.7694596949187651, "coal": 1.490420060638576e-16}, "2": {"solar": 9.351772721937939e-12, "wind": 3.1900978442253507, "nuclear": 0.5324164627146784, "gas": 0.340384821984896, "coal": 2.3311586995810023e-11}, "3": {"solar": 1.2650007743244072e-21, "wind": 0.7415422203984064, "nuclear": 0.5497212811791882, "gas": 0.5392105584375321, "coal": 3.267076375904527e-20}, "4": {"solar": 0.0, "wind": 0.7293949240479766, "nuclear": 0.5548999406030632, "gas": 0.590898066270326, "coal": 0.0}, "5": {"solar": 0.5481426089741264, "wind": 1.3152771102617338, "nuclear": 0.4864786315516332, "gas": 0.5017023697473492, "coal": 5.7047138869178364e-11}, "6": {"solar": 0.9214568169690638, "wind": 1.1412907659587115, "nuclear": 0.469667781783899, "gas": 0.6421020112857533, "coal": -2.7639410348130268e-21}, "7": {"solar": 0.22692977865861663, "wind": 1.2919327237458098, "nuclear": 0.4823428964910437, "gas": 0.5984095408947281, "coal": 1.2373391188152997e-19}, "8": {"solar": 1.1947386892653546, "wind": 1.350874991030521, "nuclear": 0.2702167632091947, "gas": 0.8564117426968293, "coal": -1.6940658945086007e-21}, "9": {"solar": 0.6935694663798951, "wind": 0.5433319656958238, "nuclear": 0.5481562925726247, "gas": 0.5429357431630171, "coal": 4.2808603383367913e-07}, "10": {"solar": 0.4849371731995275, "wind": 0.8580834952512572, "nuclear": 0.5285239619376222, "gas": 0.41638151993277, "coal": 2.809059624700011e-20}, "11": {"solar": 0.07574647013147051, "wind": 1.2805001265934517, "nuclear": 0.5787032568085239, "gas": 0.27912262929078036, "coal": 8.677939503163231e-11}, "12": {"solar": 0.4842728800413805, "wind": 1.0048460048756203, "nuclear": 0.23437229965619186, "gas": 0.7841512040399127, "coal": -7.218531111985054e-22}, "13": {"solar": 0.8674764797231251, "wind": 0.8879812980634857, "nuclear": 0.7053409528879664, "gas": 0.16602141331624512, "coal": 6.627710050361269e-11}, "14": {"solar": 0.7889381825396617, "wind": 0.6059047030826505, "nuclear": 0.4460977740429285, "gas": 0.63518796097167, "coal": 0.0}, "15": {"solar": 0.46077930461938954, "wind": 1.1310831125351186, "nuclear": 0.6321827324323073, "gas": 0.18978960690624797, "coal": 0.0}, "16": {"solar": 1.4493608896885093, "wind": 0.8742277175382341, "nuclear": 0.5086944114921574, "gas": 0.46764238794998114, "coal": 8.096371921654311e-20}, "17": {"solar": 0.13575442372789306, "wind": 2.632512668440666, "nuclear": 0.6292121553060215, "gas": 0.15054941087605564, "coal": 2.4941090959384794e-12}, "18": {"solar": 0.536322594917476, "wind": 1.1867288648009469, "nuclear": 0.5752383674305324, "gas": 0.47373755506169507, "coal": 7.594897484607675e-08}, "19": {"solar": 0.6522376373315084, "wind": 0.8807302173650646, "nuclear": 0.5381054667003675, "gas": 0.5076715331735574, "coal": 1.5083401194715417e-20}, "20": {"solar": 0.8909238897035999, "wind": 1.5519847237309818, "nuclear": 0.6299770462370325, "gas": 0.21155217811459692, "coal": 0.0}, "21": {"solar": 0.7943249127654137, "wind": 1.091683296849481, "nuclear": 0.5960209908606101, "gas": 0.25931463775464836, "coal": 8.338926311281154e-17}, "22": {"solar": 0.4845140222744021, "wind": 0.6454827538054546, "nuclear": 0.3442099231476292, "gas": 0.8799846901769277, "coal": 0.0}, "23": {"solar": 0.0, "wind": 0.0009373864996617036, "nuclear": 0.18561494801068923, "gas": 1.3909035167227848, "coal": 0.01510101048209276}, "24": {"solar": 0.5927078998154712, "wind": 1.4173789608126106, "nuclear": 0.5261626273712433, "gas": 0.4853383410523837, "coal": 1.9503517757542813e-21}, "25": {"solar": 1.1453479583887458, "wind": 0.5844548536969172, "nuclear": 0.5458186459250387, "gas": 0.40640857764894334, "coal": 1.4105821141982638e-14}, "26": {"solar": 0.24494264778338168, "wind": 1.8142559736110244, "nuclear": 0.6652497464691265, "gas": 0.24902698522559463, "coal": 2.779878629579973e-12}, "27": {"solar": 0.7929128710656139, "wind": 1.0014456610053324, "nuclear": 0.6356486017821584, "gas": 0.2695312562416449, "coal": 1.3884757534917101e-21}, "28": {"solar": 1.1487796261665293, "wind": 1.3119771581039967, "nuclear": 0.4713261796000573, "gas": 0.795438083681595, "coal": -4.883800270883897e-21}, "29": {"solar": 0.7074904811223289, "wind": 0.06305407583519637, "nuclear": 0.5672795272376746, "gas": 0.36366859816145014, "coal": 0.09275571332807982}, "30": {"solar": 0.940674533156501, "wind": 0.4888531626378125, "nuclear": 0.5583102745679579, "gas": 0.46289773574622584, "coal": 0.0}, "31": {"solar": 0.714466422385661, "wind": 0.8622175134674421, "nuclear": 0.4116469618600617, "gas": 0.7872803238796658, "coal": 1.1321540803253653e-10}, "32": {"solar": 0.1796943437010937, "wind": 1.5474987638281719, "nuclear": 0.5850224759369174, "gas": 0.19724632212586166, "coal": 0.0}, "33": {"solar": 1.5225367856462149, "wind": 1.3497729409119803, "nuclear": 0.48421822448491475, "gas": 0.5013155040560616, "coal": -8.020597592561869e-22}, "34": {"solar": 9.672525589962765e-06, "wind": 202.4101020927446, "nuclear": 0.6771006849947917, "gas": 0.053446939118722524, "coal": 4.866721318629006e-07}, "35": {"solar": 0.8854368139175319, "wind": 0.8059099646023935, "nuclear": 0.4507898941439925, "gas": 0.6251844007799865, "coal": 0.0}, "36": {"solar": 0.4975645869724599, "wind": 1.898817882395083, "nuclear": 0.6087784972881288, "gas": 0.2865019117727078, "coal": 1.3869747393003014e-07}, "37": {"solar": 0.3452846353987535, "wind": 1.5795421662010296, "nuclear": 0.5196359084331457, "gas": 0.43955625092118106, "coal": 1.968913920791238e-17}, "38": {"solar": 0.01400349652363243, "wind": 1.2999538514082627, "nuclear": 0.2754727940833048, "gas": 1.137167963096157, "coal": 1.2228699725922194e-09}, "39": {"solar": 0.588405492880184, "wind": 0.7341520393566964, "nuclear": 0.5718009550379153, "gas": 0.43737604583014833, "coal": 1.5017397055945443e-05}, "40": {"solar": 0.6284940932877171, "wind": 1.4555358488051773, "nuclear": 0.5269383128154818, "gas": 0.34445359517093843, "coal": 2.1032064981412084e-18}, "41": {"solar": 0.0742439095736755, "wind": 1.2728401835117937, "nuclear": 0.5893372420054521, "gas": 0.3867904044770988, "coal": 5.863763873530809e-12}, "42": {"solar": 0.49410399806951383, "wind": 0.7283977841000993, "nuclear": 0.44828011260109574, "gas": 0.6424373350085086, "coal": 0.0}, "43": {"solar": 2.2929303275905403e-05, "wind": 2.2268757265163184, "nuclear": 0.35282697604961444, "gas": 0.7491307431223581, "coal": 0.00023014756907957905}, "44": {"solar": 1.171902677013756, "wind": 1.3349482466326665, "nuclear": 0.28272415915484544, "gas": 1.0905508286121544, "coal": -3.3885304111247226e-21}, "45": {"solar": 0.5677662729282246, "wind": 0.7761262938631617, "nuclear": 0.4583403922820571, "gas": 0.7495901146895987, "coal": 1.6753485306283978e-09}, "46": {"solar": 0.21413585709121322, "wind": 1.3592622927591511, "nuclear": 0.5352702084777681, "gas": 0.5110380937306803, "coal": 2.4300561710130574e-12}, "47": {"solar": 0.1545108499894723, "wind": 1.3431521558177009, "nuclear": 0.5004793764914115, "gas": 0.5367140732294039, "coal": 4.1868678971354554e-11}, "48": {"solar": 1.3431922241125002e-21, "wind": 1.263550633076344, "nuclear": 0.44139581944897077, "gas": 0.7192787863002809, "coal": 5.860997071030629e-12}, "49": {"solar": 0.46995584366659054, "wind": 1.259655738047811, "nuclear": 0.5657343622857399, "gas": 0.4215970312284421, "coal": 4.585449240020409e-19}, "50": {"solar": 0.503517134509406, "wind": 0.7942884733477771, "nuclear": 0.4690422295879702, "gas": 0.702223038617246, "coal": 9.642761858853673e-12}, "51": {"solar": 1.4765587963403666, "wind": 1.5204290804531873, "nuclear": 0.04823781587155745, "gas": 0.7244610116927293, "coal": -1.7991171824611078e-22}, "52": {"solar": -2.927292784104164e-19, "wind": 1.64761809888962, "nuclear": 0.7576577988927309, "gas": -2.3470824790821013e-19, "coal": -2.257322635937424e-19}}