{"1": {"solar": 4.521926097979279, "wind": 17.51621113303209, "nuclear": 0.49215116293503836, "gas": 0.44778409585020307, "coal": 7.399434793494169e-14}, "3": {"solar": 3.282345233326865e-12, "wind": 0.8645814637257173, "nuclear": 0.5510489796005015, "gas": 0.5354171308448236, "coal": 7.569302392624108e-11}, "4": {"solar": 0.0015909307319801251, "wind": 0.8331404128459682, "nuclear": 0.557830964748056, "gas": 0.5377817916712264, "coal": 0.0489361969979707}, "5": {"solar": 0.5481432315005087, "wind": 1.3152769799800685, "nuclear": 0.4864786382042003, "gas": 0.5017023507400169, "coal": 5.704714140304386e-11}, "7": {"solar": 0.226929766576626, "wind": 1.2919327250377428, "nuclear": 0.48234287836805784, "gas": 0.5984095414931375, "coal": 1.237339120052639e-19}, "8": {"solar": 2.0692364393612298e-16, "wind": 1.2806864948083792, "nuclear": 0.6261050328117743, "gas": 0.3382085037198247, "coal": 5.189185897090128e-10}, "9": {"solar": 0.6949685603437904, "wind": 0.5589860444479817, "nuclear": 0.5483231463297976, "gas": 0.5424633298510707, "coal": 4.866021396597861e-07}, "10": {"solar": 0.4849371732480212, "wind": 0.8580834951414483, "nuclear": 0.5285239619572987, "gas": 0.4163815199744082, "coal": 1.2065015384666795e-20}, "11": {"solar": 0.07574648520408508, "wind": 1.2804999054889372, "nuclear": 0.5787032375606262, "gas": 0.27912268428480824, "coal": 8.677939569050609e-11}, "12": {"solar": 0.2066257250098082, "wind": 1.1329000881596598, "nuclear": 0.5204786583986041, "gas": 0.485037106095578, "coal": 6.877704139631709e-20}, "13": {"solar": 0.8536568831984628, "wind": 0.8956588492385289, "nuclear": 0.7049452309833363, "gas": 0.16715275830825424, "coal": 1.2047795467967831e-09}, "15": {"solar": 0.503058444885114, "wind": 1.1864124029445182, "nuclear": 0.6342279464668358, "gas": 0.18394449890256195, "coal": 4.909098938308717e-07}, "16": {"solar": 1.449360889665315, "wind": 0.8742277174047394, "nuclear": 0.5086944114921574, "gas": 0.467642388035306, "coal": 4.384411247408798e-20}, "17": {"solar": 0.3202417521525071, "wind": 1.0100312292062485, "nuclear": 0.5208971119496242, "gas": 0.4600150844758727, "coal": 5.1888458329091036e-08}, "18": {"solar": 0.536322600280702, "wind": 1.1867288766682356, "nuclear": 0.5752383034479571, "gas": 0.47373755553997554, "coal": 7.59489756055665e-08}, "19": {"solar": 0.652237637242287, "wind": 0.8807302174205803, "nuclear": 0.538105466683306, "gas": 0.5076715332243246, "coal": 0.0}, "21": {"solar": 0.9975562634053526, "wind": 1.540210604450492, "nuclear": 0.13565939013474457, "gas": 0.6175789856962054, "coal": 0.09828200743354193}, "22": {"solar": 0.7025510513628573, "wind": 0.9771665182651414, "nuclear": 0.3705823665295936, "gas": 0.30585470924232944, "coal": 0.5455407089404046}, "23": {"solar": 0.9485880380220153, "wind": 0.6550264400470263, "nuclear": 0.5050428590859556, "gas": 0.49225922744522804, "coal": 3.669757438071853e-05}, "24": {"solar": 0.5588976812607044, "wind": 1.6082405585552932, "nuclear": 0.5438418279334795, "gas": 0.43490053462942796, "coal": 1.546264288454041e-05}, "25": {"solar": 1.1198782484222232, "wind": 0.9635411716100489, "nuclear": 0.5457516692974628, "gas": 0.4064448820160163, "coal": 0.00016048104080115051}, "26": {"solar": 0.24494264792698395, "wind": 1.8142559735161268, "nuclear": 0.6652497464180276, "gas": 0.24902698537159143, "coal": 2.7798784590865576e-12}, "27": {"solar": 0.8715872879045787, "wind": 0.6756762343759882, "nuclear": 0.5507148393502804, "gas": 0.5121957296179844, "coal": 2.2980146723828366e-12}, "28": {"solar": 0.03009565055254836, "wind": 0.18646040085964358, "nuclear": 0.4487894508038405, "gas": 0.858253083218995, "coal": 0.005167671346031902}, "29": {"solar": 0.7074904818298194, "wind": 0.06305406324459384, "nuclear": 0.567279468510305, "gas": 0.36366859852511874, "coal": 0.09275570319914443}, "30": {"solar": 4.549983696814691, "wind": 0.059000029324487537, "nuclear": 0.2543372177466475, "gas": 0.00737987202519279, "coal": 1.4580573183135241}, "31": {"solar": 0.7144895751782901, "wind": 0.8621077861545255, "nuclear": 0.4116595256038443, "gas": 0.7872444358333007, "coal": 1.158086370795518e-10}, "32": {"solar": 0.23330894337106903, "wind": 2.25358674366965, "nuclear": 0.6165360512783239, "gas": 0.10720485796632177, "coal": 2.9059007059246257e-06}, "34": {"solar": 0.8629948791301612, "wind": 0.558561260736207, "nuclear": 0.5152008564713043, "gas": 0.5171808899778386, "coal": 1.8551880192744046e-07}, "35": {"solar": 0.88373075382816, "wind": 0.7898532125957294, "nuclear": 0.45033716954141056, "gas": 0.6264777069234747, "coal": 0.0}, "36": {"solar": 0.4975646367289236, "wind": 1.8988180722768901, "nuclear": 0.608778467198681, "gas": 0.2865019117726842, "coal": 1.3869748779977892e-07}, "37": {"solar": 0.34528466992722046, "wind": 1.579542324155262, "nuclear": 0.5196359523887767, "gas": 0.4395562948768105, "coal": 2.3192114895209683e-18}, "38": {"solar": 0.010674958377143579, "wind": 1.2903551192552085, "nuclear": 0.23977794712777217, "gas": 1.1417607336376383, "coal": 1.2889984475350511e-16}, "39": {"solar": 0.6222184760230418, "wind": 0.6254033973018351, "nuclear": 0.5694073055556138, "gas": 0.44423214942081884, "coal": 0.0}, "40": {"solar": 0.5925110041878946, "wind": 1.4604692001133819, "nuclear": 0.5269365063111684, "gas": 0.34445876031951067, "coal": 2.872553856602953e-17}, "41": {"solar": 0.07424398365909447, "wind": 1.2728414573110463, "nuclear": 0.58933545939925, "gas": 0.38679070174630387, "coal": 0.0}, "42": {"solar": 0.4941041112618022, "wind": 0.7283979213246734, "nuclear": 0.44828011260109574, "gas": 0.6424373179044166, "coal": 0.0}, "43": {"solar": 0.8571051606412984, "wind": 0.7936774538614256, "nuclear": 0.35277560500687666, "gas": 0.9354688887981552, "coal": 2.994452383403383e-10}, "44": {"solar": 0.30551155313243594, "wind": 0.7328828334204452, "nuclear": 0.5557064552462537, "gas": 0.4612393453635303, "coal": 5.3649192764524985e-05}, "45": {"solar": 0.5677662729213762, "wind": 0.7761262937882026, "nuclear": 0.4583403922820571, "gas": 0.7495901147645577, "coal": 1.6753485307934838e-09}, "46": {"solar": 0.21436209021917005, "wind": 1.4125635720402077, "nuclear": 0.5372425811010587, "gas": 0.5054026286639308, "coal": 1.3644553117849701e-15}, "47": {"solar": 0.09449353677313145, "wind": 1.3364918647800124, "nuclear": 0.49720611710364393, "gas": 0.5460661359959893, "coal": 0.0}, "48": {"solar": 0.0, "wind": 1.263550633011054, "nuclear": 0.44139581944233297, "gas": 0.7192787863722088, "coal": 5.860997051912766e-12}, "49": {"solar": 0.42691164765643674, "wind": 1.2409364609175326, "nuclear": 0.5645707272161223, "gas": 0.42492169991233275, "coal": 0.0}, "50": {"solar": 0.5051447371052717, "wind": 0.7895662824555472, "nuclear": 0.4690412415815164, "gas": 0.7022258704718518, "coal": 0.0}, "51": {"solar": 1.2559518019346896, "wind": 1.2084021774923484, "nuclear": 0.2584616336929307, "gas": 0.5943029689023638, "coal": 1.4131535710811034e-05}}