{
    "1": {
        "solar": 0.7208206102941824,
        "wind": 0.7800640163549649,
        "nuclear": 0.2937700951086982,
        "battery": -2.117582368135751e-21,
        "gas": 0.5738543254710423,
        "coal": 1.468727449545117e-05,
        "score": 68.96103417978087
    },
    "2": {
        "solar": 2.6165939010815516e-11,
        "wind": 1.6782456916212445,
        "nuclear": 0.48373978992543587,
        "battery": 0.41109769035963656,
        "gas": 2.0498152349107413e-10,
        "coal": 5.219813911579627e-10,
        "score": 54.601003081163405
    },
    "3": {
        "solar": 0.0012980336456250635,
        "wind": 0.3457729323599345,
        "nuclear": 0.5922324612660149,
        "battery": 0.2703174160624567,
        "gas": 0.32805799754949383,
        "coal": 1.0886521951686487e-07,
        "score": 53.162426075807524
    },
    "4": {
        "solar": 0.0,
        "wind": 0.6143135470376954,
        "nuclear": 0.4673405435093175,
        "battery": 0.0,
        "gas": 0.49765796230272924,
        "coal": 0.0,
        "score": 63.79164141451386
    },
    "5": {
        "solar": 0.9517448948425308,
        "wind": 1.301692627759182,
        "nuclear": 0.5094194580156474,
        "battery": 0.2850281038316614,
        "gas": 2.225993848485412e-06,
        "coal": 3.15958690859697e-09,
        "score": 52.50228347345251
    },
    "6": {
        "solar": 0.26042216028363663,
        "wind": 0.6486697617013403,
        "nuclear": 0.3686983811251699,
        "battery": 0.10211479235274233,
        "gas": 0.4770689990780285,
        "coal": 2.697749201893121e-06,
        "score": 64.72443807868633
    },
    "7": {
        "solar": 1.74996352225469,
        "wind": 1.4231622575737257,
        "nuclear": 0.4020773895354538,
        "battery": 0.047892593132095825,
        "gas": 0.3998362983019595,
        "coal": 0.04511759229051853,
        "score": 79.31385679108088
    },
    "8": {
        "solar": 0.06554717648387949,
        "wind": 0.8480857856686858,
        "nuclear": 0.4208250857240745,
        "battery": 0.00012259745258035986,
        "gas": 0.48907014102046376,
        "coal": 0.0002111971197146719,
        "score": 59.947453929699414
    },
    "9": {
        "solar": 0.45400797633228845,
        "wind": 0.030466171051776576,
        "nuclear": 0.4370724607449601,
        "battery": 0.43638647715043255,
        "gas": 0.7446214408612932,
        "coal": 0.0021999924721325796,
        "score": 78.49089971429486
    },
    "10": {
        "solar": 0.9964678263539142,
        "wind": 0.8881760336558814,
        "nuclear": 0.5249968114702422,
        "battery": 0.09228111421910525,
        "gas": 0.022169174541357688,
        "coal": -6.233041450083852e-21,
        "score": 47.69541348388437
    },
    "11": {
        "solar": 1.1419339843993657,
        "wind": 0.6866304649442029,
        "nuclear": 0.5376287153754735,
        "battery": 0.20310049260762558,
        "gas": -4.82997325935675e-05,
        "coal": 8.147743514680451e-05,
        "score": 46.77372374690176
    },
    "12": {
        "solar": 0.3215499984229565,
        "wind": 0.5944048537321659,
        "nuclear": 0.39055919690546387,
        "battery": 1.908695227215414e-21,
        "gas": 0.42392154767895696,
        "coal": 0.0,
        "score": 57.02389591858426
    },
    "13": {
        "solar": 1.4908786843162938,
        "wind": 0.27086560717968583,
        "nuclear": 0.642765579734646,
        "battery": 0.16184212761811392,
        "gas": 8.178179295388239e-21,
        "coal": 9.372305573629036e-22,
        "score": 45.713934810077156
    },
    "14": {
        "solar": 0.6204045695703297,
        "wind": 0.46570866692540064,
        "nuclear": 0.3517630453014822,
        "battery": 0.006611281897434789,
        "gas": 0.5019894284172864,
        "coal": 1.0472376401722233e-08,
        "score": 61.95526493182104
    },
    "15": {
        "solar": 0.32931606906583427,
        "wind": 0.8104139329222697,
        "nuclear": 0.4583355709846113,
        "battery": 0.0075896726819730835,
        "gas": 0.13768448672326372,
        "coal": 1.5425622080236993e-21,
        "score": 46.80510295014492
    },
    "16": {
        "solar": 0.6974340678242094,
        "wind": 0.6271819410989348,
        "nuclear": 0.37383943040738105,
        "battery": 0.00030220968809626,
        "gas": 0.3819492242876445,
        "coal": 1.3381580228791102e-20,
        "score": 57.111614696812865
    },
    "17": {
        "solar": 1.1618713508959322,
        "wind": 0.649757719531092,
        "nuclear": 0.5083937931081403,
        "battery": 0.18261434829968592,
        "gas": 0.07696562341656904,
        "coal": -1.7589552976461388e-05,
        "score": 49.308361064534836
    },
    "18": {
        "solar": 1.3219529646953774,
        "wind": 0.6768207488387872,
        "nuclear": 0.6026938618221933,
        "battery": 0.32334369832026333,
        "gas": 0.0007355310982175434,
        "coal": 0.0001283929196835644,
        "score": 51.258492484750874
    },
    "19": {
        "solar": 0.47412398398920463,
        "wind": 0.6026065841566917,
        "nuclear": 0.39282905598916806,
        "battery": 0.020982409531708525,
        "gas": 0.33133926135891917,
        "coal": -1.1911400820763599e-21,
        "score": 56.74374022842818
    },
    "20": {
        "solar": 0.7341700865062301,
        "wind": 0.46584500991176886,
        "nuclear": 0.4554743342205256,
        "battery": 0.10923897516443198,
        "gas": 0.22440211785044523,
        "coal": 6.647866669543537e-11,
        "score": 51.10306823049236
    },
    "21": {
        "solar": 0.023033389214071706,
        "wind": 1.1918564603168673,
        "nuclear": 0.5369311841354372,
        "battery": 1.1394234704231478,
        "gas": -1.3552527156068805e-20,
        "coal": 2.707513624317885e-21,
        "score": 64.51464838015774
    },
    "22": {
        "solar": 0.3994298316619533,
        "wind": 0.5202866754117138,
        "nuclear": 0.27467117144638165,
        "battery": 6.9030719726199904e-06,
        "gas": 0.7021049090298501,
        "coal": 2.1916504709475388e-11,
        "score": 73.01473805293098
    },
    "24": {
        "solar": 0.4204734086092089,
        "wind": 1.1607530738399394,
        "nuclear": 0.43217489280574556,
        "battery": 0.037444624946584217,
        "gas": 0.2946833280760275,
        "coal": 3.3657635538812622e-19,
        "score": 59.10406311740014
    },
    "25": {
        "solar": 0.9267204202064092,
        "wind": 0.31618852544610687,
        "nuclear": 0.5950014339738473,
        "battery": 0.36661041630259933,
        "gas": 0.0003981174460959137,
        "coal": 0.0,
        "score": 45.86957882028418
    },
    "26": {
        "solar": 0.24714426001769793,
        "wind": 1.3506643252997166,
        "nuclear": 0.5831758010966013,
        "battery": 0.15438891727972412,
        "gas": 2.7992645219030493e-21,
        "coal": -1.2111320625884813e-21,
        "score": 48.151452475045126
    },
    "27": {
        "solar": 1.752271811572888,
        "wind": 0.9288550015600104,
        "nuclear": 0.5176502490671253,
        "battery": 0.10934192798734292,
        "gas": 3.9567521141563035e-21,
        "coal": 7.555630850888526e-21,
        "score": 53.456875646257885
    },
    "28": {
        "solar": 0.34067298274204527,
        "wind": 0.3929294545629671,
        "nuclear": 0.37827517042337117,
        "battery": 0.03641428789537891,
        "gas": 0.5975589014221611,
        "coal": 3.1700036906414886e-09,
        "score": 66.47627397819815
    },
    "29": {
        "solar": 0.6802530212511203,
        "wind": 0.3054598533189632,
        "nuclear": 0.4671061231412601,
        "battery": 0.03118616175218697,
        "gas": 0.2758072735642484,
        "coal": 6.037136177985473e-12,
        "score": 51.03074013309122
    },
    "30": {
        "solar": 1.1468085479989367,
        "wind": 2.9090139308134786e-14,
        "nuclear": 0.4837768921930746,