{"1": {"solar": 1.392634878703229, "wind": 0.7666741084520514, "nuclear": 0.39521515424789616, "gas": 0.6884360796056898, "coal": 0.04541346770396503}, "2": {"solar": -3.2199613964913553e-21, "wind": 2.0687291382313457, "nuclear": 0.44131490947547564, "gas": 0.5955269357062789, "coal": -2.1847213653178272e-21}}