{"1": {"solar": 0.6932932318120372, "wind": 11.690507742540118, "nuclear": 0.4264907045296986, "gas": 0.6404922130605017, "coal": 0.00011038692523909435, "score": 151.32733503622813, "time": 19.809984922409058}, "2": {"solar": -1.5406773820887422e-17, "wind": 1.1695967297692982, "nuclear": 0.22914959539256685, "gas": 0.940018050225612, "coal": 4.584372149168084e-22, "score": 72.56587666462914, "time": 44.37758207321167}, "3": {"solar": 3.282345233326865e-12, "wind": 0.8645814637257173, "nuclear": 0.5510489796005015, "gas": 0.5354171308448236, "coal": 7.569302392624108e-11, "score": 55.967111184029974, "time": 13.780774116516113}, "4": {"solar": 0.0015909307319801251, "wind": 0.8331404128459682, "nuclear": 0.557830964748056, "gas": 0.5377817916712264, "coal": 0.0489361969979707, "score": 66.76903070111624, "time": 10.83649206161499}, "5": {"solar": 0.6635167026697633, "wind": 1.4027481632613858, "nuclear": 0.4940854280074219, "gas": 0.4101698729517744, "coal": 0.07469720377269326, "score": 64.79805138781727, "time": 17.580124378204346}, "6": {"solar": 0.17353807764619938, "wind": 3.0212911995197387, "nuclear": 0.4724199280393626, "gas": 0.6141248290821004, "coal": 4.244916091521326e-17, "score": 76.00353393340696, "time": 15.558506727218628}, "7": {"solar": 0.39893662507297595, "wind": 1.827695218772676, "nuclear": 0.4952052329520168, "gas": 0.5616452014025063, "coal": 1.5408661859200525e-21, "score": 68.07475178552394, "time": 3.096835136413574}, "8": {"solar": 2.0692364393612298e-16, "wind": 1.2806864948083792, "nuclear": 0.6261050328117743, "gas": 0.3382085037198247, "coal": 5.189185897090128e-10, "score": 52.00968650679829, "time": 3.507997989654541}, "9": {"solar": 0.6949685603437904, "wind": 0.5589860444479817, "nuclear": 0.5483231463297976, "gas": 0.5424633298510707, "coal": 4.866021396597861e-07, "score": 62.38766974397383, "time": 4.615530967712402}, "10": {"solar": 0.4849371732480212, "wind": 0.8580834951414483, "nuclear": 0.5285239619572987, "gas": 0.4163815199744082, "coal": 1.2065015384666795e-20, "score": 52.73395674422359, "time": 3.418065071105957}, "11": {"solar": 0.07574648520408508, "wind": 1.2804999054889372, "nuclear": 0.5787032375606262, "gas": 0.27912268428480824, "coal": 8.677939569050609e-11, "score": 48.15277775945761, "time": 7.734300136566162}, "12": {"solar": 0.10386138908235051, "wind": 1.5179838617194108, "nuclear": 0.541637137626035, "gas": 0.4248147772778146, "coal": -1.1080892389433414e-06, "score": 55.892410960277225, "time": 8.066595077514648}, "13": {"solar": 0.8536568831984628, "wind": 0.8956588492385289, "nuclear": 0.7049452309833363, "gas": 0.16715275830825424, "coal": 1.2047795467967831e-09, "score": 46.512826424216776, "time": 11.881330013275146}, "14": {"solar": 0.8309624688077354, "wind": 0.5924465200788949, "nuclear": 0.4472446683101041, "gas": 0.6320200719634802, "coal": -2.3261053688390685e-22, "score": 61.968852001151355, "time": 17.643476963043213}, "15": {"solar": 0.503058444885114, "wind": 1.1864124029445182, "nuclear": 0.6342279464668358, "gas": 0.18394449890256195, "coal": 4.909098938308717e-07, "score": 46.932831424175184, "time": 11.504993200302124}}