{
    "1": {
        "solar": 0.48530641649158934,
        "wind": 0.6846037352565335,
        "nuclear": 0.28870220874715713,
        "battery": 8.532337534147758e-20,
        "gas": 0.5883519147408338,
        "coal": 7.227557994552233e-20,
        "score": 68.65091191896656
    },
    "2": {
        "solar": 1.8281280764296447e-07,
        "wind": 1.6609865303149691,
        "nuclear": 0.48374024166209917,
        "battery": 0.38883275854873306,
        "gas": 3.5344621040781495e-14,
        "coal": 7.946347203923208e-08,
        "score": 53.887056259780785
    },
    "4": {
        "solar": 0.0,
        "wind": 0.6143169771447503,
        "nuclear": 0.4673405705896192,
        "battery": 0.0,
        "gas": 0.4976578849311645,
        "coal": 0.0,
        "score": 63.791641477941695
    },
    "5": {
        "solar": 0.7030631593258634,
        "wind": 1.535854186014483,
        "nuclear": 0.5271264902103795,
        "battery": 0.21697251379630425,
        "gas": 0.0012219729692184767,
        "coal": 0.008298735382143917,
        "score": 53.160847016939755
    },
    "6": {
        "solar": 0.46446088377757366,
        "wind": 0.8651750783264648,
        "nuclear": 0.3076806439270859,
        "battery": 0.2316721547420282,
        "gas": 0.5822524738014733,
        "coal": 2.0130239576660748e-07,
        "score": 73.57174157488893
    },
    "7": {
        "solar": 0.062390484507201714,
        "wind": 1.4863833737292818,
        "nuclear": 0.36892644760232324,
        "battery": 0.00018206346921522215,
        "gas": 0.4825066862496449,
        "coal": 1.189830394232545e-21,
        "score": 69.1495044774049
    },
    "8": {
        "solar": 0.0020389800224182696,
        "wind": 0.8742688145493397,
        "nuclear": 0.4883487098424216,
        "battery": 0.011311741095171024,
        "gas": 0.2960367107277997,
        "coal": 0.0003749838288679475,
        "score": 52.38468713846274
    },
    "9": {
        "solar": 0.8437315800165955,
        "wind": 0.854469778570702,
        "nuclear": 0.24005837165060442,
        "battery": 0.8419810792464768,
        "gas": 1.0099369666540967,
        "coal": 6.155484152687395e-07,
        "score": 102.27362226970772
    },
    "10": {
        "solar": 0.3747928692253582,
        "wind": 0.7470255294758235,
        "nuclear": 0.5185601478281621,
        "battery": 0.1618236848382087,
        "gas": 0.04110932781602006,
        "coal": 2.972431727990205e-07,
        "score": 43.92585786435127
    },
    "11": {
        "solar": 0.5878040648062322,
        "wind": 0.7101338725343642,
        "nuclear": 0.4901079617553121,
        "battery": 0.15615156229106378,
        "gas": 0.10080241805695755,
        "coal": 0.0137289669527034,
        "score": 47.617609051272154
    },
    "12": {
        "solar": 0.321545094972897,
        "wind": 0.5944113922515365,
        "nuclear": 0.3905575648538244,
        "battery": 1.9087162230747806e-21,
        "gas": 0.42392621086303717,
        "coal": -3.425788566659196e-21,
        "score": 57.02409171676074
    },
    "13": {
        "solar": 0.6552903180830947,
        "wind": 0.27362993751425685,
        "nuclear": 0.6568108937986474,
        "battery": 0.14241008268763325,
        "gas": 8.600512876004499e-10,
        "coal": 4.930453405444856e-11,
        "score": 39.75814490991999
    },
    "14": {
        "solar": 1.3652118069362318,
        "wind": 0.7813452740954027,
        "nuclear": 0.2217261191996009,
        "battery": 0.7872568700421093,
        "gas": 0.691677530786727,
        "coal": 0.0002000487577142228,
        "score": 87.2403498140681
    },
    "15": {
        "solar": 0.7308260084014367,
        "wind": 1.1078009707402956,
        "nuclear": 0.3246848430641876,
        "battery": 0.7552326809093566,
        "gas": 9.916990788965608e-08,
        "coal": 5.372327491640025e-10,
        "score": 57.677012009116254
    },
    "16": {
        "solar": 0.8309539836973682,
        "wind": 0.9440624317352899,
        "nuclear": 0.18311647947674617,
        "battery": 0.7207904692205721,
        "gas": 0.5535757535316737,
        "coal": -2.6568786116854316e-21,
        "score": 81.31389765771604
    },
    "17": {
        "solar": 0.4212506427626075,
        "wind": 0.7741676083864656,
        "nuclear": 0.5119726389963979,
        "battery": 0.18922250456478232,
        "gas": 0.05331054141834407,
        "coal": 0.02396167379315385,
        "score": 47.5084955714649
    },
    "18": {
        "solar": 0.5923235915432448,
        "wind": 0.8716088606875503,
        "nuclear": 0.584757662696851,
        "battery": 0.3084941732724002,
        "gas": 0.04165796689350044,
        "coal": 0.004604658477458381,
        "score": 49.892046176511336
    },
    "19": {
        "solar": 0.5184839944085262,
        "wind": 0.5838263310580596,
        "nuclear": 0.3940097884093441,
        "battery": 0.023213889377142406,
        "gas": 0.32791813613802334,
        "coal": 1.8319479286372498e-07,
        "score": 56.68615050995705
    },
    "20": {
        "solar": 0.7341708919568566,
        "wind": 0.4658444181167404,
        "nuclear": 0.4554740177473625,
        "battery": 0.10923909697738078,
        "gas": 0.22440236808241856,
        "coal": 6.647874082653245e-11,
        "score": 51.04216051060115
    },
    "21": {
        "solar": 0.012834978340526394,
        "wind": 1.2148488910783477,
        "nuclear": 0.5789131262595801,
        "battery": 1.1960094052636139,
        "gas": 0.002238544429692166,
        "coal": 6.419610836787075e-12,
        "score": 66.75326930805232
    },
    "22": {
        "solar": 0.3994306345171201,
        "wind": 0.52028731164721,
        "nuclear": 0.2746682654295414,
        "battery": 1.2558731203440928e-06,
        "gas": 0.7021063202628356,
        "coal": 2.191618765975971e-11,
        "score": 73.01485000289256
    },
    "23": {
        "solar": 0.4665611449551791,
        "wind": 0.6895509380410434,
        "nuclear": 0.5657860010794774,
        "battery": 0.23362455541667027,
        "gas": -6.5449599433215085e-18,
        "coal": -3.907049762149249e-18,
        "score": 44.01748729469324
    },
    "24": {
        "solar": 0.5453657479131465,
        "wind": 1.0300222641705559,
        "nuclear": 0.44231510482676883,
        "battery": 0.09026511937277336,
        "gas": 0.2129269445379077,
        "coal": 0.0858451675764151,
        "score": 66.24372994590192
    },
    "25": {
        "solar": 0.3563288384776144,
        "wind": 0.9414687253843339,
        "nuclear": 0.48563618217214,
        "battery": 0.06156395796783334,
        "gas": 0.29368479744401527,
        "coal": 4.918537755871838e-05,
        "score": 57.1718656665255
    },
    "26": {
        "solar": 0.9472782536098753,
        "wind": 0.6987401716863173,
        "nuclear": 0.5829303395270357,
        "battery": 0.31894411355816854,
        "gas": 0.0006483288494528047,
        "coal": 1.194916829787113e-06,
        "score": 49.447852777747
    },
    "27": {
        "solar": 0.8256769908977334,
        "wind": 1.0190535973829185,
        "nuclear": 0.4932956128607334,
        "battery": -3.743687269488892e-21,
        "gas": 0.13413539471333608,
        "coal": -6.970581008210065e-17,
        "score": 51.50796248421037
    },
    "28": {
        "solar": 0.0,
        "wind": 0.5487723122247475,
        "nuclear": 0.16275873760306842,
        "battery": 0.0,
        "gas": 0.9774172907722614,
        "coal": 0.0,
        "score": 87.11600195418988
    },
    "29": {
        "solar": 0.860645976414045,
        "wind": 0.6607381742225797,
        "nuclear": 0.4765510601116778,
        "battery": 0.014666558334972152,
        "gas": 0.2489529312726997,
        "coal": 2.7448235875690825e-21,
        "score": 52.96177935497587
    },
    "30": {
        "solar": 0.7452503073863577,
        "wind": 0.39001427530004623,
        "nuclear": 0.44081265724083507,
        "battery": 0.0,
        "gas": 0.3579320811618858,